{
    "coeffs": [
        0.0,
        0.0,
        0.0,
        0.0,
        0.0
    ],
    "depth_scale": 0.0010000000474974513,
    "fx": 389.1881103515625,
    "fy": 389.1881103515625,
    "height": 480,
    "model": "distortion.brown_conrady",
    "ppx": 324.3175354003906,
    "ppy": 237.51686096191406,
    "width": 640
}